"ref","alt","cohenkappa","Z","P","CI_95L","CI_95U","judgement"
"Trait1","Trait2",0.864242424242424,35.1056932273057,5.51880954196746e-270,0.839968535925986,0.888516312558863,"Almost perfect agreement"
