SNP1,SNP2,R2
rs555626917,rs150344285,-9.0
rs11260596,rs183122171,0.00054354
rs4970401,rs2977605,0.00741646
rs74048003,rs149362430,-9.0
rs570518895,rs3964452,-9.0
rs145069865,rs2905039,-9.0
rs9442365,rs60320384,-9.0
rs561191931,rs12562811,-9.0
rs114006445,rs112563271,-9.0
RSID1,RSID2,-9.0
rs6665667,rs59066358,0.000386028
rs60442576,rs531271127,-9.0
rs76266214,rs552621725,-9.0
rs144894322,rs146076599,-9.0
rs79750022,rs559547836,-9.0
rs144207864,rs553698348,-9.0
rs552405004,rs59306077,-9.0
rs553242763,rs200025137,-9.0
rs191486699,rs115616822,-9.0
rs11584349,rs2977608,-9.0
rs4075116,rs147281566,0.00703286
rs55918415,rs2980319,0.00193989
rs4246502,rs187867912,-9.0
rs529232550,rs61768182,-9.0
rs4073177,rs573930822,-9.0
rs552212219,rs142849724,-9.0
rs138373747,rs184967907,-9.0
rs9442394,rs112119688,-9.0
rs4326571,rs149821290,-9.0
rs534034872,rs138555831,-9.0
rs562783577,rs138782671,-9.0
rs4074992,rs28810152,0.00604386
rs112797925,rs566070269,-9.0
rs113592356,rs143489794,0.000313808
rs71628928,rs145767270,-9.0
rs4073176,rs2905035,0.00454641
rs777146810,rs1055606,-9.0
rs4633229,rs185280546,-9.0
rs3934834,rs151160018,-9.0
rs554201106,rs140068063,-9.0
rs4333796,rs150490259,-9.0
rs148410684,rs61768200,-9.0
rs9442366,rs549504271,-9.0
rs533904118,rs564913738,-9.0
rs142960669,rs373698268,-9.0
rs182217004,rs550156706,-9.0
rs575113059,rs563651702,-9.0
rs181359441,rs138046244,-9.0
rs185679241,rs149451138,-9.0
rs149143484,rs184843908,-9.0
